company_name,website,linkedin_url,profile_url
3DLogistiX,https://www.3dlogistix.com/,https://www.linkedin.com/company/3dlogistix,https://exhibitors.gitexasia.com/gitex-asia-2026/Exhibitor/ExbDetails/3dlogistix
Acme AI Ltd,https://www.acmeai.tech,,https://exhibitors.gitexasia.com/gitex-asia-2026/Exhibitor/ExbDetails/acme-ai-ltd
AegentIQ by Zypero Intellect,https://zypero.com,https://www.linkedin.com/company/aegentiq,https://exhibitors.gitexasia.com/gitex-asia-2026/Exhibitor/ExbDetails/aegentiq-by-zypero-intellect
AgentCallBack Pte Ltd,https://www.agentcallback.com,https://www.linkedin.com/company/agentcallback,https://exhibitors.gitexasia.com/gitex-asia-2026/Exhibitor/ExbDetails/agentcallback-pte-ltd
AgGen Technologies,https://www.aggen.lk/,https://www.linkedin.com/company/aggen,https://exhibitors.gitexasia.com/gitex-asia-2026/Exhibitor/ExbDetails/aggen-technologies
Aggreko,https://www.aggreko.com/en-sg,https://www.linkedin.com/company/aggreko,https://exhibitors.gitexasia.com/gitex-asia-2026/Exhibitor/ExbDetails/aggreko
AI BRAIN SOLUTIONS PTE. LTD,https://aibrainsolutions.com/,https://www.linkedin.com/company/ai-brain-solutions,https://exhibitors.gitexasia.com/gitex-asia-2026/Exhibitor/ExbDetails/ai-brain-solutions-pte-ltd
"AI PLATFORM CO., LTD",https://www.aiplatform.co.kr/?lang=en,,https://exhibitors.gitexasia.com/gitex-asia-2026/Exhibitor/ExbDetails/ai-platform-co-ltd
AI4IV Srl,https://www.ai4iv.com,https://www.linkedin.com/company/ai4iv,https://exhibitors.gitexasia.com/gitex-asia-2026/Exhibitor/ExbDetails/ai4iv-srl
AidMi,,,https://exhibitors.gitexasia.com/gitex-asia-2026/Exhibitor/ExbDetails/aidmi
Ailytics Pte Ltd,https://ailytics.ai/,https://www.linkedin.com/company/ailytics,https://exhibitors.gitexasia.com/gitex-asia-2026/Exhibitor/ExbDetails/ailytics-pte-ltd
AIonOS Pte. Ltd.,https://aionos.io/about,,https://exhibitors.gitexasia.com/gitex-asia-2026/Exhibitor/ExbDetails/aionos-pte-ltd-
Aires Applied Quantum Technology,https://www.airesatech.com,,https://exhibitors.gitexasia.com/gitex-asia-2026/Exhibitor/ExbDetails/aires-applied-quantum-technology
Airia,https://airia.com,https://www.linkedin.com/company/airia-enterprise-ai-simplified,https://exhibitors.gitexasia.com/gitex-asia-2026/Exhibitor/ExbDetails/airia
AiRTS,https://www.airts.sg/,https://www.linkedin.com/company/airts-pte-ltd,https://exhibitors.gitexasia.com/gitex-asia-2026/Exhibitor/ExbDetails/airts
Alendei Platforms Pvt Ltd,https://www.alendei.energy,https://www.linkedin.com/company/alendei-green-re,https://exhibitors.gitexasia.com/gitex-asia-2026/Exhibitor/ExbDetails/alendei-platforms-pvt-ltd
AnalyticsLiv,https://analyticsliv.com/,https://www.linkedin.com/company/analytics-liv,https://exhibitors.gitexasia.com/gitex-asia-2026/Exhibitor/ExbDetails/analyticsliv
Anord Mardix (Asia) Pte Ltd,https://anordmardix.com/,https://www.linkedin.com/company/anordmardix,https://exhibitors.gitexasia.com/gitex-asia-2026/Exhibitor/ExbDetails/anord-mardix-asia-pte-ltd
Aortex UG,https://www.aortex.eu,https://www.linkedin.com/company/aortex,https://exhibitors.gitexasia.com/gitex-asia-2026/Exhibitor/ExbDetails/aortex-ug
Apni Sec Private Limited,https://apnisec.com/,https://www.linkedin.com/company/apnisec,https://exhibitors.gitexasia.com/gitex-asia-2026/Exhibitor/ExbDetails/apni-sec-private-limited
ARA Holdings,https://www.aracooling.com/,,https://exhibitors.gitexasia.com/gitex-asia-2026/Exhibitor/ExbDetails/ara-holdings
Archeda,https://archeda.inc/,https://www.linkedin.com/company/archeda-inc,https://exhibitors.gitexasia.com/gitex-asia-2026/Exhibitor/ExbDetails/archeda
Arrowmuse Technologies Pvt. Ltd,https://www.arrowmuse.com,https://www.linkedin.com/company/arrowmuse,https://exhibitors.gitexasia.com/gitex-asia-2026/Exhibitor/ExbDetails/arrowmuse-technologies-pvt-ltd
Artech International,https://artechconsulting.net/,https://www.linkedin.com/company/artechinternational,https://exhibitors.gitexasia.com/gitex-asia-2026/Exhibitor/ExbDetails/artech-international
Arvant Technologies Pte Ltd,https://arvant.sg,,https://exhibitors.gitexasia.com/gitex-asia-2026/Exhibitor/ExbDetails/arvant-technologies-pte-ltd
Ascensio Systems Pte. Ltd,https://www.onlyoffice.com/,https://www.linkedin.com/company/ascensio-system-sia,https://exhibitors.gitexasia.com/gitex-asia-2026/Exhibitor/ExbDetails/ascensio-systems-pte-ltd
"Ashirase,Inc",https://www.ashirase.com/,https://www.linkedin.com/company/ashirase,https://exhibitors.gitexasia.com/gitex-asia-2026/Exhibitor/ExbDetails/ashiraseinc
Atlantiser,https://www.atlantiser.com/,https://www.linkedin.com/company/atlantiser,https://exhibitors.gitexasia.com/gitex-asia-2026/Exhibitor/ExbDetails/atlantiser
AW Labs,https://www.awlabs.eu,https://www.linkedin.com/company/105557504,https://exhibitors.gitexasia.com/gitex-asia-2026/Exhibitor/ExbDetails/aw-labs
Backwell tech Corp. Europe GmbH,https://www.backwelltechcorp.com/,,https://exhibitors.gitexasia.com/gitex-asia-2026/Exhibitor/ExbDetails/backwell-tech-corp-europe-gmbh
Bering Lab,https://www.beringlab.com,https://www.linkedin.com/company/bering-lab-no1,https://exhibitors.gitexasia.com/gitex-asia-2026/Exhibitor/ExbDetails/bering-lab
BHQ Corp,https://www.bhq.co.jp/,,https://exhibitors.gitexasia.com/gitex-asia-2026/Exhibitor/ExbDetails/bhq-corp
Blaize,https://www.blaize.com/,https://www.linkedin.com/company/blaize-ai,https://exhibitors.gitexasia.com/gitex-asia-2026/Exhibitor/ExbDetails/blaize
Blendata,https://blendata.com,https://www.linkedin.com/company/blendata,https://exhibitors.gitexasia.com/gitex-asia-2026/Exhibitor/ExbDetails/blendata
Blusink Ltd,https://www.blusink.com/,,https://exhibitors.gitexasia.com/gitex-asia-2026/Exhibitor/ExbDetails/blusink-ltd
Brain Station 23 Tech Sdn Bhd,https://brainstation-23.com/,https://www.linkedin.com/company/brainstation-23,https://exhibitors.gitexasia.com/gitex-asia-2026/Exhibitor/ExbDetails/brain-station-23-tech-sdn-bhd
Brandsmashers Tech,https://www.brandsmashers.com,,https://exhibitors.gitexasia.com/gitex-asia-2026/Exhibitor/ExbDetails/brandsmashers-tech
Breezlab PTE. LTD,https://breezlab.ai,https://www.linkedin.com/company/breezlab-pte-ltd,https://exhibitors.gitexasia.com/gitex-asia-2026/Exhibitor/ExbDetails/breezlab-pte-ltd
BUSAN TECHNOPARK,https://www.btp.or.kr/kor/Main.do,,https://exhibitors.gitexasia.com/gitex-asia-2026/Exhibitor/ExbDetails/busan-technopark
Bytebridge Technology Pte Ltd,https://www.bytebt.com/,https://www.linkedin.com/company/bytebridge-technology,https://exhibitors.gitexasia.com/gitex-asia-2026/Exhibitor/ExbDetails/bytebridge-technology-pte-ltd
CALIBERFOCUS BUSINESS SOLUTIONS,https://caliberfocus.com/,https://www.linkedin.com/company/caliberfocus,https://exhibitors.gitexasia.com/gitex-asia-2026/Exhibitor/ExbDetails/caliberfocus-business-solutions
Camzify Global,https://camzify.com,https://www.linkedin.com/company/camzify-global,https://exhibitors.gitexasia.com/gitex-asia-2026/Exhibitor/ExbDetails/camzify-global
Carbonzeroed,https://carbonzeroed.com/,,https://exhibitors.gitexasia.com/gitex-asia-2026/Exhibitor/ExbDetails/carbonzeroed
Castor Construction Robotics Limited (Shenzhen,https://hkcrc.hk/,,https://exhibitors.gitexasia.com/gitex-asia-2026/Exhibitor/ExbDetails/castor-construction-robotics-limited-shenzhen
Cerebro,https://cerebro.ph,https://linkedin.com/company/cerebrolms,https://exhibitors.gitexasia.com/gitex-asia-2026/Exhibitor/ExbDetails/cerebro
Chainway,https://chainway.net/,https://www.linkedin.com/company/chainwayofficial,https://exhibitors.gitexasia.com/gitex-asia-2026/Exhibitor/ExbDetails/chainway
"CHENGDU VINCHIN TECHNOLOGY CO., LTD",https://www.vinchin.com/,https://www.linkedin.com/company/13404407,https://exhibitors.gitexasia.com/gitex-asia-2026/Exhibitor/ExbDetails/chengdu-vinchin-technology-co-ltd
Chhaya,https://chhaya.life/,https://www.linkedin.com/company/chhaya-life,https://exhibitors.gitexasia.com/gitex-asia-2026/Exhibitor/ExbDetails/chhaya
CLINO HEALTH INNOVATION PVT. LTD,,,https://exhibitors.gitexasia.com/gitex-asia-2026/Exhibitor/ExbDetails/clino-health-innovation-pvt-ltd
CloudEngine Digital Pte. Ltd.,https://www.cloudengined.com/,https://www.linkedin.com/company/cloudengine-digital-pte-ltd,https://exhibitors.gitexasia.com/gitex-asia-2026/Exhibitor/ExbDetails/cloudengine-digital-pte-ltd-
CLUBMOS BLOCKCHAIN ECOSYSTEM,https://www.clubmos.com,,https://exhibitors.gitexasia.com/gitex-asia-2026/Exhibitor/ExbDetails/clubmos-blockchain-ecosystem
Codepresso. Inc,https://codepresso.io/,https://www.linkedin.com/company/codepresso,https://exhibitors.gitexasia.com/gitex-asia-2026/Exhibitor/ExbDetails/codepresso-inc
CodeTantra Tech Solutions Pvt Ltd,https://www.codetantra.com,https://www.linkedin.com/company/codetantra,https://exhibitors.gitexasia.com/gitex-asia-2026/Exhibitor/ExbDetails/codetantra-tech-solutions-pvt-ltd
Convo,https://getconvo.ai,https://www.linkedin.com/company/get-convo-ai,https://exhibitors.gitexasia.com/gitex-asia-2026/Exhibitor/ExbDetails/convo
CORE,https://corerecovery.asia/,,https://exhibitors.gitexasia.com/gitex-asia-2026/Exhibitor/ExbDetails/core
Counto Pte Ltd,https://counto.sg,,https://exhibitors.gitexasia.com/gitex-asia-2026/Exhibitor/ExbDetails/counto-pte-ltd
Counto Pte Ltd,https://counto.sg,,https://exhibitors.gitexasia.com/gitex-asia-2026/Exhibitor/ExbDetails/counto-pte-ltd
Creativeans Pte Ltd,https://brandsbuilder.ai/,https://www.linkedin.com/company/creativeans,https://exhibitors.gitexasia.com/gitex-asia-2026/Exhibitor/ExbDetails/creativeans-pte-ltd
Creox Computing Singapore,https://www.creoxtech.com/,https://www.linkedin.com/company/creox-computing,https://exhibitors.gitexasia.com/gitex-asia-2026/Exhibitor/ExbDetails/creox-computing-singapore
CRESCENDO LAB (SINGAPORE) PTE. LTD,https://www.cresclab.com/en,https://www.linkedin.com/company/crescendolab,https://exhibitors.gitexasia.com/gitex-asia-2026/Exhibitor/ExbDetails/crescendo-lab-singapore-pte-ltd
Crosshub,https://idblock.ai,https://www.linkedin.com/company/crosshubkr,https://exhibitors.gitexasia.com/gitex-asia-2026/Exhibitor/ExbDetails/crosshub
Crossware Ltd,https://www.crossware365.com/,https://www.linkedin.com/company/crossware-ltd,https://exhibitors.gitexasia.com/gitex-asia-2026/Exhibitor/ExbDetails/crossware-ltd
CURLSEK.AI,https://curlsek.ai,https://www.linkedin.com/company/curlsek,https://exhibitors.gitexasia.com/gitex-asia-2026/Exhibitor/ExbDetails/curlsek-ai
CYBER INDUSTRIES SRL,https://www.cyberindustries.it/index_eng.html,https://www.linkedin.com/company/cyber-industries-srl,https://exhibitors.gitexasia.com/gitex-asia-2026/Exhibitor/ExbDetails/cyber-industries-srl
Cyberette,https://cyberette.ai/,https://www.linkedin.com/company/cyberette,https://exhibitors.gitexasia.com/gitex-asia-2026/Exhibitor/ExbDetails/cyberette
D Risk - GRC & NeuroMesh - AI,https://digital400.com,https://www.linkedin.com/company/digital400,https://exhibitors.gitexasia.com/gitex-asia-2026/Exhibitor/ExbDetails/d-risk-grc-neuromesh-ai
Daegu Digital Innovation Promotion Agency,https://www.dip.or.kr,,https://exhibitors.gitexasia.com/gitex-asia-2026/Exhibitor/ExbDetails/daegu-digital-innovation-promotion-agency
Datalec Precision Installations Pte. Ltd,,,https://exhibitors.gitexasia.com/gitex-asia-2026/Exhibitor/ExbDetails/datalec-precision-installations-pte-ltd
Demand AI Group,,,https://exhibitors.gitexasia.com/gitex-asia-2026/Exhibitor/ExbDetails/demand-ai-group
Dialogg.ai,https://www.dialogg.ai,https://www.linkedin.com/company/dialoggai,https://exhibitors.gitexasia.com/gitex-asia-2026/Exhibitor/ExbDetails/dialogg-ai
Digital Data Communications GmbH,https://digital-data.de/,,https://exhibitors.gitexasia.com/gitex-asia-2026/Exhibitor/ExbDetails/digital-data-communications-gmbh
Djaminn,https://djaminn.com/,,https://exhibitors.gitexasia.com/gitex-asia-2026/Exhibitor/ExbDetails/djaminn
Dots for Africa,https://dotsfor.com/,https://www.linkedin.com/company/dots-for-inc,https://exhibitors.gitexasia.com/gitex-asia-2026/Exhibitor/ExbDetails/dots-for-africa
Duon Technologies Incorporated,https://duon.ph,https://www.linkedin.com/company/duon-technologies-inc,https://exhibitors.gitexasia.com/gitex-asia-2026/Exhibitor/ExbDetails/duon-technologies-incorporated
DWTC test 2,https://companywebsite.com,,https://exhibitors.gitexasia.com/gitex-asia-2026/Exhibitor/ExbDetails/dwtc-test-2
DWTCTest3,,,https://exhibitors.gitexasia.com/gitex-asia-2026/Exhibitor/ExbDetails/dwtctest3
DWTCTest4,https://www.examplecorp.com/,,https://exhibitors.gitexasia.com/gitex-asia-2026/Exhibitor/ExbDetails/dwtctest4
"DXWORKS Co., Ltd",https://dxworks.io,,https://exhibitors.gitexasia.com/gitex-asia-2026/Exhibitor/ExbDetails/dxworks-co-ltd
EDIX Protocol,https://edixchain.io/,,https://exhibitors.gitexasia.com/gitex-asia-2026/Exhibitor/ExbDetails/edix-protocol
eero,https://eero.com/,https://www.linkedin.com/company/eero,https://exhibitors.gitexasia.com/gitex-asia-2026/Exhibitor/ExbDetails/eero
Eiiga & RIKAride,https://eiiga.in.th/home/,https://www.linkedin.com/company/eiigathailand,https://exhibitors.gitexasia.com/gitex-asia-2026/Exhibitor/ExbDetails/eiiga-rikaride
Embedded A.I. systems Pte. Ltd,https://nanoveu.com/emass/,,https://exhibitors.gitexasia.com/gitex-asia-2026/Exhibitor/ExbDetails/embedded-a-i-systems-pte-ltd
"Emdoor Information Co.,Ltd",https://www.emdoorrugged.com/,,https://exhibitors.gitexasia.com/gitex-asia-2026/Exhibitor/ExbDetails/emdoor-information-co-ltd
Emerging AI,https://www.emergingai.pro/,,https://exhibitors.gitexasia.com/gitex-asia-2026/Exhibitor/ExbDetails/emerging-ai
EMVOAI LABS PRIVATE LIMITED,https://www.emvo.ai,,https://exhibitors.gitexasia.com/gitex-asia-2026/Exhibitor/ExbDetails/emvoai-labs-private-limited
Enact Consulting Services,https://zettalgor.com/,,https://exhibitors.gitexasia.com/gitex-asia-2026/Exhibitor/ExbDetails/enact-consulting-services
ERICSSON TELECOMMUNICATIONS PTE LTD,https://www.ericsson.com,,https://exhibitors.gitexasia.com/gitex-asia-2026/Exhibitor/ExbDetails/ericsson-telecommunications-pte-ltd
ERP NEXT,https://www.ahvcs.com,,https://exhibitors.gitexasia.com/gitex-asia-2026/Exhibitor/ExbDetails/erp-next
ESIGN HK HOLDING LIMITED,https://www.esignglobal.com/,https://www.linkedin.com/company/esignglobal,https://exhibitors.gitexasia.com/gitex-asia-2026/Exhibitor/ExbDetails/esign-hk-holding-limited
Eventage Pvt Ltd,https://www.eventage.com.pk,,https://exhibitors.gitexasia.com/gitex-asia-2026/Exhibitor/ExbDetails/eventage-pvt-ltd
Evolve Innovative Solutions Pte. Ltd.,,,https://exhibitors.gitexasia.com/gitex-asia-2026/Exhibitor/ExbDetails/evolve-innovative-solutions-pte-ltd-
"F1Security, Inc",https://uwss.f1security.co.kr/en,,https://exhibitors.gitexasia.com/gitex-asia-2026/Exhibitor/ExbDetails/f1security-inc
Farmesto Technologies Inc,https://www.farmestotech.com,,https://exhibitors.gitexasia.com/gitex-asia-2026/Exhibitor/ExbDetails/farmesto-technologies-inc
FEHA,https://feha.io/,https://www.linkedin.com/company/feha-international-consulting,https://exhibitors.gitexasia.com/gitex-asia-2026/Exhibitor/ExbDetails/feha
FerroptoCure Inc,https://ferroptocure.com/en,https://www.linkedin.com/company/105206245,https://exhibitors.gitexasia.com/gitex-asia-2026/Exhibitor/ExbDetails/ferroptocure-inc
fileAI,https://www.file.ai/,https://www.linkedin.com/company/file-ai,https://exhibitors.gitexasia.com/gitex-asia-2026/Exhibitor/ExbDetails/fileai
Fintalex,https://www.yayaapp.lk,,https://exhibitors.gitexasia.com/gitex-asia-2026/Exhibitor/ExbDetails/fintalex
Firsty,https://www.firsty.app/,,https://exhibitors.gitexasia.com/gitex-asia-2026/Exhibitor/ExbDetails/firsty
Fixing Dots,https://www.fixingdots.com/,,https://exhibitors.gitexasia.com/gitex-asia-2026/Exhibitor/ExbDetails/fixing-dots
Forescout Technologies,https://www.forescout.com/,https://www.linkedin.com/company/forescout-technologies,https://exhibitors.gitexasia.com/gitex-asia-2026/Exhibitor/ExbDetails/forescout-technologies
Gaadin Technologies Pvt Ltd,https://www.gaadin.ai,https://www.linkedin.com/company/gaadin,https://exhibitors.gitexasia.com/gitex-asia-2026/Exhibitor/ExbDetails/gaadin-technologies-pvt-ltd
Gen Digital,https://gendigital.com/,https://www.linkedin.com/company/gendigitalinc,https://exhibitors.gitexasia.com/gitex-asia-2026/Exhibitor/ExbDetails/gen-digital
Gleematic AI Agents,https://gleematic.com/,https://www.linkedin.com/company/gleematic,https://exhibitors.gitexasia.com/gitex-asia-2026/Exhibitor/ExbDetails/gleematic-ai-agents
GMI COMPUTING INTERNATIONAL LTD TAIWAN BRANCH,https://www.gmicloud.ai,,https://exhibitors.gitexasia.com/gitex-asia-2026/Exhibitor/ExbDetails/gmicomputinginternationalltdtaiwanbranch
Gorilla Technology Group,https://gorilla-technology.com/,https://www.linkedin.com/company/gorilla-technology-group,https://exhibitors.gitexasia.com/gitex-asia-2026/Exhibitor/ExbDetails/gorilla-technology-group
GradeChum,https://gradechum.com,https://www.linkedin.com/company/gradechum,https://exhibitors.gitexasia.com/gitex-asia-2026/Exhibitor/ExbDetails/gradechum
"Grandstream Networks, Inc",https://www.grandstream.com/,https://www.linkedin.com/company/grandstream-networks,https://exhibitors.gitexasia.com/gitex-asia-2026/Exhibitor/ExbDetails/grandstream-networks-inc
GreenVisionsPh a.k.a. Waste4Good Tech,https://www.greenvisionsph.com | https://waste4good.co,https://www.linkedin.com/company/greenvisionsph,https://exhibitors.gitexasia.com/gitex-asia-2026/Exhibitor/ExbDetails/greenvisionsph-a-k-a-waste4good-tech
Groundup.ai Pte Ltd,https://groundup.ai/,https://www.linkedin.com/company/groundupai,https://exhibitors.gitexasia.com/gitex-asia-2026/Exhibitor/ExbDetails/groundup-ai-pte-ltd
"Guangdong Yingshi Computer Technology Co., Ltd",https://www.coremail.ai/,https://www.linkedin.com/company/coremail,https://exhibitors.gitexasia.com/gitex-asia-2026/Exhibitor/ExbDetails/guangdong-yingshi-computer-technology-co-ltd
GYTWorkz Technologies Private Limited,https://www.gytworkz.com/,https://www.linkedin.com/company/gytworkz,https://exhibitors.gitexasia.com/gitex-asia-2026/Exhibitor/ExbDetails/gytworkz-technologies-private-limited
H3C TECHNOLOGIES PTE. LTD.,https://www.h3c.com/en,,https://exhibitors.gitexasia.com/gitex-asia-2026/Exhibitor/ExbDetails/h3ctechnologiespte-ltd-
H3C TECHNOLOGIES PTE. LTD.,https://www.h3c.com/en,,https://exhibitors.gitexasia.com/gitex-asia-2026/Exhibitor/ExbDetails/h3c-technologies-pte-ltd-
HCLSoftware,https://www.hcltechsw.com,https://www.linkedin.com/company/hclsoftware,https://exhibitors.gitexasia.com/gitex-asia-2026/Exhibitor/ExbDetails/hclsoftware
Hiphype Tech,,,https://exhibitors.gitexasia.com/gitex-asia-2026/Exhibitor/ExbDetails/hiphype-tech
Hiphype Tech,,,https://exhibitors.gitexasia.com/gitex-asia-2026/Exhibitor/ExbDetails/hiphype-tech
"HK STES TECHNOLOGY CO., LIMITED",https://www.stesz.com,,https://exhibitors.gitexasia.com/gitex-asia-2026/Exhibitor/ExbDetails/hk-stes-technology-co-limited
Homi Collective Pte Ltd,https://homi.com.sg,,https://exhibitors.gitexasia.com/gitex-asia-2026/Exhibitor/ExbDetails/homi-collective-pte-ltd
Hopvinna Technologies Private Limited,https://www.hopvinna.com,,https://exhibitors.gitexasia.com/gitex-asia-2026/Exhibitor/ExbDetails/hopvinna-technologies-private-limited
hub.brussels,https://hub.brussels/en/,https://www.linkedin.com/company/hub-brussels,https://exhibitors.gitexasia.com/gitex-asia-2026/Exhibitor/ExbDetails/hub-brussels
Hydra Host,https://hydrahost.com/,https://www.linkedin.com/company/hydrahost,https://exhibitors.gitexasia.com/gitex-asia-2026/Exhibitor/ExbDetails/hydra-host
Hydroleap Pte. Ltd,https://www.hydroleap.com/,,https://exhibitors.gitexasia.com/gitex-asia-2026/Exhibitor/ExbDetails/hydroleap-pte-ltd
HyreTech,https://hyretech.ai,https://www.linkedin.com/company/hyretech-ai,https://exhibitors.gitexasia.com/gitex-asia-2026/Exhibitor/ExbDetails/hyretech
iCool Limited,https://www.i2cool.com,https://www.linkedin.com/company/i2cool-limited,https://exhibitors.gitexasia.com/gitex-asia-2026/Exhibitor/ExbDetails/icool-limited
"iFLYTEK Co.,Ltd",https://www.iflytek.com,https://www.linkedin.com/company/iflytekcoltd.,https://exhibitors.gitexasia.com/gitex-asia-2026/Exhibitor/ExbDetails/iflytek-co-ltd
iGenius AI,,,https://exhibitors.gitexasia.com/gitex-asia-2026/Exhibitor/ExbDetails/igenius-ai
Indus Net Technologies Ltd. (INT,https://intglobal.com/,,https://exhibitors.gitexasia.com/gitex-asia-2026/Exhibitor/ExbDetails/indus-net-technologies-ltd-int
INIT D TECH PTE LTD,https://initd.ai,https://www.linkedin.com/company/initdsg,https://exhibitors.gitexasia.com/gitex-asia-2026/Exhibitor/ExbDetails/init-d-tech-pte-ltd
INNO3D,https://www.inno3d.com,https://www.linkedin.com/company/inno3d,https://exhibitors.gitexasia.com/gitex-asia-2026/Exhibitor/ExbDetails/inno3d
Innoadz,https://innoadz.com/,,https://exhibitors.gitexasia.com/gitex-asia-2026/Exhibitor/ExbDetails/innoadz
JFrog Limited,https://jfrog.com,,https://exhibitors.gitexasia.com/gitex-asia-2026/Exhibitor/ExbDetails/jfrog-limited
Joyseek AI,https://joyseek.ai/,,https://exhibitors.gitexasia.com/gitex-asia-2026/Exhibitor/ExbDetails/joyseek-ai
Kama Digital Transformation,https://kamadt.com/,,https://exhibitors.gitexasia.com/gitex-asia-2026/Exhibitor/ExbDetails/kama-digital-transformation
Kaspersky Lab Switzerland GmbH,https://www.kaspersky.ru/,,https://exhibitors.gitexasia.com/gitex-asia-2026/Exhibitor/ExbDetails/kaspersky-lab-switzerland-gmbh
KCM Trade,https://www.kcmtradeai.com/,https://www.linkedin.com/company/kcmtrade-global,https://exhibitors.gitexasia.com/gitex-asia-2026/Exhibitor/ExbDetails/kcm-trade
KEGMIL,https://www.kegmil.com,https://www.linkedin.com/company/kegmil,https://exhibitors.gitexasia.com/gitex-asia-2026/Exhibitor/ExbDetails/kegmil
"KIWONTECH Co., Ltd",https://www.kiwontech.com/,,https://exhibitors.gitexasia.com/gitex-asia-2026/Exhibitor/ExbDetails/kiwontech-co-ltd
Korea Deep Learning,https://global.koreadeep.com/,https://www.linkedin.com/company/koreadeeplearning,https://exhibitors.gitexasia.com/gitex-asia-2026/Exhibitor/ExbDetails/korea-deep-learning
Laserfiche,https://www.laserfiche.com,https://www.linkedin.com/company/19414,https://exhibitors.gitexasia.com/gitex-asia-2026/Exhibitor/ExbDetails/laserfiche
"Letitu Co.,Ltd",https://www.letitu.org,https://www.linkedin.com/company/letitu-corp,https://exhibitors.gitexasia.com/gitex-asia-2026/Exhibitor/ExbDetails/letitu-co-ltd
LIFESCAPES Inc,https://lifescapes.jp/,https://www.linkedin.com/company/lifescapes-bci,https://exhibitors.gitexasia.com/gitex-asia-2026/Exhibitor/ExbDetails/lifescapes-inc
Links International,https://linksinternational.com/,,https://exhibitors.gitexasia.com/gitex-asia-2026/Exhibitor/ExbDetails/links-international
Literal Labs,https://literal-labs.ai,,https://exhibitors.gitexasia.com/gitex-asia-2026/Exhibitor/ExbDetails/literal-labs
Long Bridge Securities Pte Ltd,https://longbridge.com/sg/,,https://exhibitors.gitexasia.com/gitex-asia-2026/Exhibitor/ExbDetails/long-bridge-securities-pte-ltd
LV Energy,https://www.lvenergy.io,https://www.linkedin.com/company/lvenergy,https://exhibitors.gitexasia.com/gitex-asia-2026/Exhibitor/ExbDetails/lv-energy
Maanz AI (Private) Limited,https://www.praid-ai.com,https://www.linkedin.com/company/praid-ai,https://exhibitors.gitexasia.com/gitex-asia-2026/Exhibitor/ExbDetails/maanz-ai-private-limited
ManageEngine,https://www.manageengine.com/,https://www.linkedin.com/company/manageengine,https://exhibitors.gitexasia.com/gitex-asia-2026/Exhibitor/ExbDetails/manageengine
MarinaChain,https://www.marinachain.io/,https://www.linkedin.com/company/marinachain,https://exhibitors.gitexasia.com/gitex-asia-2026/Exhibitor/ExbDetails/marinachain
MarsDevs Global Solutions,https://www.marsdevs.com,https://www.linkedin.com/company/marsdevs,https://exhibitors.gitexasia.com/gitex-asia-2026/Exhibitor/ExbDetails/marsdevs-global-solutions
Maxmachines Technology Pte ltd,https://maxmachinestech.com/,,https://exhibitors.gitexasia.com/gitex-asia-2026/Exhibitor/ExbDetails/maxmachines-technology-pte-ltd
MEDIFUN Inc,https://www.medifun.co.kr,,https://exhibitors.gitexasia.com/gitex-asia-2026/Exhibitor/ExbDetails/medifun-inc
Medz Fit,https://medz.fit/,,https://exhibitors.gitexasia.com/gitex-asia-2026/Exhibitor/ExbDetails/medz-fit
MELAKA,https://www.gendia.ai,,https://exhibitors.gitexasia.com/gitex-asia-2026/Exhibitor/ExbDetails/melaka
Momen.app,https://momen.app/,https://www.linkedin.com/company/momen-hq,https://exhibitors.gitexasia.com/gitex-asia-2026/Exhibitor/ExbDetails/momen-app
Moomoo Finacial Singapore Pte Ltd,https://www.moomoo.com/sg,,https://exhibitors.gitexasia.com/gitex-asia-2026/Exhibitor/ExbDetails/moomoo-finacial-singapore-pte-ltd
N3XGEN IO INC,https://n3xgen.io/,https://www.linkedin.com/company/99092682,https://exhibitors.gitexasia.com/gitex-asia-2026/Exhibitor/ExbDetails/n3xgen-io-inc
Netherlands Embassy in Singapore,https://www.netherlandsandyou.nl/web/singapore,,https://exhibitors.gitexasia.com/gitex-asia-2026/Exhibitor/ExbDetails/netherlands-embassy-in-singapore
"Netlink Software Group America, Inc",https://www.netlink.com,,https://exhibitors.gitexasia.com/gitex-asia-2026/Exhibitor/ExbDetails/netlinksoftwaregroupamericainc
"NEXCOM International Co., Ltd",https://www.nexcom.com/,https://www.linkedin.com/company/nexcom-international,https://exhibitors.gitexasia.com/gitex-asia-2026/Exhibitor/ExbDetails/nexcom-international-co-ltd
Nextcloud GmbH,https://nextcloud.com/,https://www.linkedin.com/company/10827569,https://exhibitors.gitexasia.com/gitex-asia-2026/Exhibitor/ExbDetails/nextcloud-gmbh
NinjaOne,https://www.ninjaone.com/,https://www.linkedin.com/company/ninjaone,https://exhibitors.gitexasia.com/gitex-asia-2026/Exhibitor/ExbDetails/ninjaone
NovaGlobal Pte Ltd,https://novaglobal.com.sg/,https://linkedin.com/company/novaglobal-pte-ltd,https://exhibitors.gitexasia.com/gitex-asia-2026/Exhibitor/ExbDetails/novaglobal-pte-ltd
NXAI,https://nxai.com,https://www.linkedin.com/company/30957552,https://exhibitors.gitexasia.com/gitex-asia-2026/Exhibitor/ExbDetails/nxai
OCR Studio,https://ocrstudio.ai/,https://www.linkedin.com/company/ocr-studio?trk=blended-typeahead,https://exhibitors.gitexasia.com/gitex-asia-2026/Exhibitor/ExbDetails/ocr-studio
Odoo HK Limited,https://www.odoo.com/,,https://exhibitors.gitexasia.com/gitex-asia-2026/Exhibitor/ExbDetails/odoo-hk-limited
"OMNI C&S, Inc",https://www.omnifit.co.kr/en/main,,https://exhibitors.gitexasia.com/gitex-asia-2026/Exhibitor/ExbDetails/omni-cs-inc
OmniNexus,https://omninexus.io,,https://exhibitors.gitexasia.com/gitex-asia-2026/Exhibitor/ExbDetails/omninexus
OneIot - Built Exactly How You Need It,https://oneiot.io,https://www.linkedin.com/company/oneiot-official,https://exhibitors.gitexasia.com/gitex-asia-2026/Exhibitor/ExbDetails/oneiot-built-exactly-how-you-need-it
Osome,https://osome.com,https://www.linkedin.com/company/weareosome,https://exhibitors.gitexasia.com/gitex-asia-2026/Exhibitor/ExbDetails/osome
PATHSDATA LLC,https://www.pathsdata.com,https://www.linkedin.com/company/pathsdata,https://exhibitors.gitexasia.com/gitex-asia-2026/Exhibitor/ExbDetails/pathsdata-llc
Physiologas Technologies Inc,https://physiologas.co.jp/en-index.html,https://www.linkedin.com/company/physiologas,https://exhibitors.gitexasia.com/gitex-asia-2026/Exhibitor/ExbDetails/physiologas-technologies-inc
"Plainbit Co.,Ltd",https://www.plainbit.co.kr/en,https://www.linkedin.com/company/plainbit,https://exhibitors.gitexasia.com/gitex-asia-2026/Exhibitor/ExbDetails/plainbit-co-ltd
Planet Technology Corporation,https://www.planet.com.tw/en,https://www.linkedin.com/company/planet-technology-hq,https://exhibitors.gitexasia.com/gitex-asia-2026/Exhibitor/ExbDetails/planet-technology-corporation
PNPSRCURE Inc,https://en.pnpsecure.com/,,https://exhibitors.gitexasia.com/gitex-asia-2026/Exhibitor/ExbDetails/pnpsrcure-inc
Postman,https://www.postman.com,https://www.linkedin.com/company/postman-platform,https://exhibitors.gitexasia.com/gitex-asia-2026/Exhibitor/ExbDetails/postman
pQCee,https://www.pqcee.com,https://linkedin.com/company/pqcee,https://exhibitors.gitexasia.com/gitex-asia-2026/Exhibitor/ExbDetails/pqcee
Pragnakalp Techlabs,https://www.pragnakalp.com,https://www.linkedin.com/company/pragnakalp,https://exhibitors.gitexasia.com/gitex-asia-2026/Exhibitor/ExbDetails/pragnakalp-techlabs
Pro5 Pte. Ltd,https://www.pro5.ai/,https://www.linkedin.com/company/pro5-ai,https://exhibitors.gitexasia.com/gitex-asia-2026/Exhibitor/ExbDetails/pro5-pte-ltd
Property Technology Solutions   Inc.,https://collo.ph,,https://exhibitors.gitexasia.com/gitex-asia-2026/Exhibitor/ExbDetails/property-technology-solutions-inc-
PROTUM,,,https://exhibitors.gitexasia.com/gitex-asia-2026/Exhibitor/ExbDetails/protum
Providus Technologies,https://www.providus.io,https://www.linkedin.com/company/providus-technologies,https://exhibitors.gitexasia.com/gitex-asia-2026/Exhibitor/ExbDetails/providus-technologies
Proximus Global,https://www.proximusglobal.com/,https://www.linkedin.com/company/proximusglobal,https://exhibitors.gitexasia.com/gitex-asia-2026/Exhibitor/ExbDetails/proximus-global
PT. Telekomunikasi Indonesia International,,,https://exhibitors.gitexasia.com/gitex-asia-2026/Exhibitor/ExbDetails/pt-telekomunikasi-indonesia-international
QE Digital Sdn Bhd,,,https://exhibitors.gitexasia.com/gitex-asia-2026/Exhibitor/ExbDetails/qe-digital-sdn-bhd
Qianhai Shenzhen-Hong Kong Youth Innovation and Entrepreneur Hub,https://ehub.hk.cn/en/about_dream_works,https://www.linkedin.com/company/qhehub,https://exhibitors.gitexasia.com/gitex-asia-2026/Exhibitor/ExbDetails/qianhai-shenzhen-hong-kong-youth-innovation-and-entrepreneur-hub
"QunaSys, Inc",https://qunasys.com/en/,https://www.linkedin.com/company/qunasys,https://exhibitors.gitexasia.com/gitex-asia-2026/Exhibitor/ExbDetails/qunasys-inc
Rapifuzz Private Limited,https://rapifuzz.in/,https://www.linkedin.com/company/rapifuzz,https://exhibitors.gitexasia.com/gitex-asia-2026/Exhibitor/ExbDetails/rapifuzz-private-limited
Rayda Inc,https://www.rayda.co,,https://exhibitors.gitexasia.com/gitex-asia-2026/Exhibitor/ExbDetails/rayda-inc
RealTime Analytics Pte Ltd,https://realtimear.com/,https://www.linkedin.com/company/realtimear,https://exhibitors.gitexasia.com/gitex-asia-2026/Exhibitor/ExbDetails/realtime-analytics-pte-ltd
REPUBLIC POLYTECHNIC,https://www.rp.edu.sg,,https://exhibitors.gitexasia.com/gitex-asia-2026/Exhibitor/ExbDetails/republic-polytechnic
RPI AI Lab,https://www.rpigroup.com,,https://exhibitors.gitexasia.com/gitex-asia-2026/Exhibitor/ExbDetails/rpi-ai-lab
RURTECH FOR ARAYANS LLP,https://rurtechforarayans.com,,https://exhibitors.gitexasia.com/gitex-asia-2026/Exhibitor/ExbDetails/rurtech-for-arayans-llp
SAI TECHNO SOLUTIONS PRIVATE LIMITED,https://saitechnosolutions.com/,https://www.linkedin.com/company/30900617,https://exhibitors.gitexasia.com/gitex-asia-2026/Exhibitor/ExbDetails/sai-techno-solutions-private-limited
SAIS / CIRCULAR Programme,https://www.giz.de,,https://exhibitors.gitexasia.com/gitex-asia-2026/Exhibitor/ExbDetails/sais-circular-programme
SAIS / CIRCULAR Programme,https://www.giz.de,,https://exhibitors.gitexasia.com/gitex-asia-2026/Exhibitor/ExbDetails/sais-circular-programme
Savinvest,https://www.savinvest.co.uk,https://www.linkedin.com/company/savinvest,https://exhibitors.gitexasia.com/gitex-asia-2026/Exhibitor/ExbDetails/savinvest
Saviynt Singapore pte. ltd,https://saviynt.com,,https://exhibitors.gitexasia.com/gitex-asia-2026/Exhibitor/ExbDetails/saviynt-singapore-pte-ltd
Scalping Tubarão  |  PXK,https://im.page/scalpingtubarao,,https://exhibitors.gitexasia.com/gitex-asia-2026/Exhibitor/ExbDetails/scalping-tubaro-pxk
Scribo,https://www.scribo.com.hk/en,,https://exhibitors.gitexasia.com/gitex-asia-2026/Exhibitor/ExbDetails/scribo
Security Hero,https://www.retrust.world/,,https://exhibitors.gitexasia.com/gitex-asia-2026/Exhibitor/ExbDetails/security-hero
SendQuick Pte Ltd,https://www.sendquick.com,https://www.linkedin.com/company/sendquick-pte-ltd,https://exhibitors.gitexasia.com/gitex-asia-2026/Exhibitor/ExbDetails/sendquick-pte-ltd
SenzAgro Solutions,https://senzagro.com,https://www.linkedin.com/company/senzagrotech,https://exhibitors.gitexasia.com/gitex-asia-2026/Exhibitor/ExbDetails/senzagro-solutions
SEO Hacker,,,https://exhibitors.gitexasia.com/gitex-asia-2026/Exhibitor/ExbDetails/seo-hacker
SGTech,https://www.sgtech.org.sg/,https://www.linkedin.com/company/sgtechsocial,https://exhibitors.gitexasia.com/gitex-asia-2026/Exhibitor/ExbDetails/sgtech
"Shanghai Baud Data Communication Co., Ltd",https://www.bdcom.cn,https://www.linkedin.com/company/bdcom1994,https://exhibitors.gitexasia.com/gitex-asia-2026/Exhibitor/ExbDetails/shanghai-baud-data-communication-co-ltd
"Shanghai Baud Data Communication Co., Ltd.",https://www.bdcom.com.cn,,https://exhibitors.gitexasia.com/gitex-asia-2026/Exhibitor/ExbDetails/shanghai-baud-data-communication-co-ltd-
Shanghai Information2 Software Inc,https://www.info2soft.com,https://www.linkedin.com/company/information2-software,https://exhibitors.gitexasia.com/gitex-asia-2026/Exhibitor/ExbDetails/shanghai-information2-software-inc
Shenzhen AOYI Technology Limied,https://www.aoyismart.com,,https://exhibitors.gitexasia.com/gitex-asia-2026/Exhibitor/ExbDetails/shenzhen-aoyi-technology-limied
"Shenzhen Luckystar Technology Co.,Ltd",https://www.luckystar.com.cn,https://www.linkedin.com/company/shenzhen-luckystar-technology-co-ltd,https://exhibitors.gitexasia.com/gitex-asia-2026/Exhibitor/ExbDetails/shenzhen-luckystar-technology-co-ltd
Siddhu Consultancy Services Pvt Ltd,https://www.siddhucs.com,https://www.linkedin.com/company/siddhucs,https://exhibitors.gitexasia.com/gitex-asia-2026/Exhibitor/ExbDetails/siddhu-consultancy-services-pvt-ltd
Simple Dot Ltd,https://www.simpledot.com,,https://exhibitors.gitexasia.com/gitex-asia-2026/Exhibitor/ExbDetails/simple-dot-ltd
Simplism.io,https://simplism.io,https://www.linkedin.com/company/simplism,https://exhibitors.gitexasia.com/gitex-asia-2026/Exhibitor/ExbDetails/simplism-io
Skyverse888 Foundation Inc,https://www.skyverse888foundations.com,,https://exhibitors.gitexasia.com/gitex-asia-2026/Exhibitor/ExbDetails/skyverse888-foundation-inc
"SmartM2M Co., Ltd.",,,https://exhibitors.gitexasia.com/gitex-asia-2026/Exhibitor/ExbDetails/smartm2m-co-ltd-
Social Links,https://sociallinks.io/,,https://exhibitors.gitexasia.com/gitex-asia-2026/Exhibitor/ExbDetails/social-links
Sono Holding Sdn Bhd,https://sonoholding.asia,,https://exhibitors.gitexasia.com/gitex-asia-2026/Exhibitor/ExbDetails/sono-holding-sdn-bhd
Spazio Ideale,https://www.spazioideale.com,,https://exhibitors.gitexasia.com/gitex-asia-2026/Exhibitor/ExbDetails/spazio-ideale
Splashtop (Singapore) Pte Ltd,https://www.splashtop.com,https://www.linkedin.com/company/splashtop,https://exhibitors.gitexasia.com/gitex-asia-2026/Exhibitor/ExbDetails/splashtop-singapore-pte-ltd
SPM Industries,https://www.spm.industries/index.html,https://www.linkedin.com/company/spm-industries,https://exhibitors.gitexasia.com/gitex-asia-2026/Exhibitor/ExbDetails/spm-industries
STACK CONSOLE CLOUD SOLUTIONS PRIVATE LIMITED,https://www.stackconsole.io,https://www.linkedin.com/company/stack-console,https://exhibitors.gitexasia.com/gitex-asia-2026/Exhibitor/ExbDetails/stack-console-cloud-solutions-private-limited
"SUNWAVE COMMUNICATIONS CO., LTD",https://www.sunwave.com/,https://www.linkedin.com/company/sunwave-communications-co-ltd-,https://exhibitors.gitexasia.com/gitex-asia-2026/Exhibitor/ExbDetails/sunwave-communications-co-ltd
Sustainable Waste Management (Pvt) Ltd,https://swm.lk,,https://exhibitors.gitexasia.com/gitex-asia-2026/Exhibitor/ExbDetails/sustainable-waste-management-pvt-ltd
Syngrid Technologies Pte Ltd,https://syngrid.com/,https://www.linkedin.com/company/syngrid-tech-pvt-ltd,https://exhibitors.gitexasia.com/gitex-asia-2026/Exhibitor/ExbDetails/syngrid-technologies-pte-ltd
"Synovate Technologies (Shenzhen) Co., Ltd",https://www.synovate.tech,,https://exhibitors.gitexasia.com/gitex-asia-2026/Exhibitor/ExbDetails/synovate-technologies-shenzhen-co-ltd
T&T - DUBAI & USA COMPANY SET UPS,https://talrejaandtalreja.com/,https://www.linkedin.com/company/talreja-talreja-llc,https://exhibitors.gitexasia.com/gitex-asia-2026/Exhibitor/ExbDetails/tt-dubai-usa-company-set-ups
"T-Global Technology Co., Ltd",https://www.tglobalcorp.com/,https://www.linkedin.com/company/t-globaltechnologyco.ltd.,https://exhibitors.gitexasia.com/gitex-asia-2026/Exhibitor/ExbDetails/t-global-technology-co-ltd
Talent Hero Ventures Limited,https://talenthero.co/,https://www.linkedin.com/company/talenthero1,https://exhibitors.gitexasia.com/gitex-asia-2026/Exhibitor/ExbDetails/talent-hero-ventures-limited
Tanium Singapore PTE LTD,https://www.tanium.com,,https://exhibitors.gitexasia.com/gitex-asia-2026/Exhibitor/ExbDetails/tanium-singapore-pte-ltd
Tarkiz Infotech Private Limited,,,https://exhibitors.gitexasia.com/gitex-asia-2026/Exhibitor/ExbDetails/tarkiz-infotech-private-limited
Tech Care System Company Limited,https://www.techcareholding.com/en/tech-care-system,https://www.linkedin.com/company/tech-care-system,https://exhibitors.gitexasia.com/gitex-asia-2026/Exhibitor/ExbDetails/tech-care-system-company-limited
TECHNOLOGY APPLICATION AND PROMOTION INSTITUTE,https://tapi.dost.gov.ph,,https://exhibitors.gitexasia.com/gitex-asia-2026/Exhibitor/ExbDetails/technology-application-and-promotion-institute
Techsacare PTE LTD,https://www.techsaCare.com,https://www.linkedin.com/company/techsacare,https://exhibitors.gitexasia.com/gitex-asia-2026/Exhibitor/ExbDetails/techsacare-pte-ltd
TechTez LLP,https://www.techtez.com,https://www.linkedin.com/company/74363156,https://exhibitors.gitexasia.com/gitex-asia-2026/Exhibitor/ExbDetails/techtez-llp
Tecnomic Systems Pte ltd,https://www.tecnomicsystems.com,,https://exhibitors.gitexasia.com/gitex-asia-2026/Exhibitor/ExbDetails/tecnomic-systems-pte-ltd
Terrascale Software Solutions LLP,https://www.cloudyali.io,https://www.linkedin.com/company/cloudyali,https://exhibitors.gitexasia.com/gitex-asia-2026/Exhibitor/ExbDetails/terrascale-software-solutions-llp
Thatware LLP,https://thatware.co/,https://www.linkedin.com/company/14430162,https://exhibitors.gitexasia.com/gitex-asia-2026/Exhibitor/ExbDetails/thatware-llp
The Enterprise People Pte Ltd,https://theenterprisepeople.com/,,https://exhibitors.gitexasia.com/gitex-asia-2026/Exhibitor/ExbDetails/the-enterprise-people-pte-ltd
The Government of Moscow,https://www.mos.ru/,,https://exhibitors.gitexasia.com/gitex-asia-2026/Exhibitor/ExbDetails/the-government-of-moscow
Tiger Brokers,https://www.tigerbrokers.com,https://www.linkedin.com/company/tigerbrokers,https://exhibitors.gitexasia.com/gitex-asia-2026/Exhibitor/ExbDetails/tiger-brokers
Timekettle,https://www.timekettle.co/pages/about-timekettle,,https://exhibitors.gitexasia.com/gitex-asia-2026/Exhibitor/ExbDetails/timekettle
TopoLogic Inc,https://www.topologic.jp/en,https://www.linkedin.com/company/topologicinc,https://exhibitors.gitexasia.com/gitex-asia-2026/Exhibitor/ExbDetails/topologic-inc
TRANSFONG VENTURES PTE LTD,https://transfong.com/,https://www.linkedin.com/company/transfong,https://exhibitors.gitexasia.com/gitex-asia-2026/Exhibitor/ExbDetails/transfong-ventures-pte-ltd
Translead Inc,https://translead.jp/,https://www.linkedin.com/company/108480449,https://exhibitors.gitexasia.com/gitex-asia-2026/Exhibitor/ExbDetails/translead-inc
Trynocode,https://trynocode.com,https://www.linkedin.com/company/trynocodecom,https://exhibitors.gitexasia.com/gitex-asia-2026/Exhibitor/ExbDetails/trynocode
TXOne Networks,https://www.txone.com/,https://www.linkedin.com/company/txone-networks,https://exhibitors.gitexasia.com/gitex-asia-2026/Exhibitor/ExbDetails/txone-networks
UAQ Free Trade Zone,https://uaqftz.gov.ae/,https://www.linkedin.com/company/uaqftz,https://exhibitors.gitexasia.com/gitex-asia-2026/Exhibitor/ExbDetails/uaq-free-trade-zone
UNIVERSE AI INC,https://www.univs.ai,https://www.linkedin.com/company/univsai,https://exhibitors.gitexasia.com/gitex-asia-2026/Exhibitor/ExbDetails/universe-ai-inc
UNL Global,https://unl.global,https://www.linkedin.com/company/unlglobal,https://exhibitors.gitexasia.com/gitex-asia-2026/Exhibitor/ExbDetails/unl-global
Unlock Future Fintech Private Limited,https://fairvaluation.com/,https://www.linkedin.com/company/unlockfuture,https://exhibitors.gitexasia.com/gitex-asia-2026/Exhibitor/ExbDetails/unlock-future-fintech-private-limited
Utech Technologies (Pvt) Ltd,https://www.utech.lk,https://www.linkedin.com/company/utech-technologies,https://exhibitors.gitexasia.com/gitex-asia-2026/Exhibitor/ExbDetails/utech-technologies-pvt-ltd
"VADA Platform Co., Ltd",https://safeean.com/,,https://exhibitors.gitexasia.com/gitex-asia-2026/Exhibitor/ExbDetails/vada-platform-co-ltd
Valuecoders India LLP,,,https://exhibitors.gitexasia.com/gitex-asia-2026/Exhibitor/ExbDetails/valuecoders-india-llp
Verge Systems FZE,https://www.vergesystems.com/,,https://exhibitors.gitexasia.com/gitex-asia-2026/Exhibitor/ExbDetails/verge-systems-fze
Version 2 Singapore Pte Ltd,https://version-2.com.sg/,,https://exhibitors.gitexasia.com/gitex-asia-2026/Exhibitor/ExbDetails/version-2-singapore-pte-ltd
Vertiv,https://www.vertiv.com/en-asia,,https://exhibitors.gitexasia.com/gitex-asia-2026/Exhibitor/ExbDetails/vertiv
Vertiv (Singapore) Holdings Pte Ltd,https://www.vertiv.com/en-asia,,https://exhibitors.gitexasia.com/gitex-asia-2026/Exhibitor/ExbDetails/vertiv-singapore-holdings-pte-ltd
VoicEraCx.ai,https://www.voiceracx.com/,,https://exhibitors.gitexasia.com/gitex-asia-2026/Exhibitor/ExbDetails/voiceracx-ai
Voyagence AI Technology,https://www.voyagenceai.com,,https://exhibitors.gitexasia.com/gitex-asia-2026/Exhibitor/ExbDetails/voyagence-ai-technology
WartinLabs Technologies LLP,https://www.wartinlabs.com,https://www.linkedin.com/company/wartin-labs,https://exhibitors.gitexasia.com/gitex-asia-2026/Exhibitor/ExbDetails/wartinlabs-technologies-llp
Wasabi Technologies Singapore Pte Ltd,https://www.wasabi.com,https://www.linkedin.com/company/wasabitechnologies,https://exhibitors.gitexasia.com/gitex-asia-2026/Exhibitor/ExbDetails/wasabi-technologies-singapore-pte-ltd
WearWi$e,https://app.emergent.sh/share?app=wardobe-first,,https://exhibitors.gitexasia.com/gitex-asia-2026/Exhibitor/ExbDetails/wearwie
WEHLO Resilience Technology   Corporation,https://usher.ph/,,https://exhibitors.gitexasia.com/gitex-asia-2026/Exhibitor/ExbDetails/wehlo-resilience-technology-corporation
WELL-BEING ECONOMY ACCELERATOR TOKYO,https://we-at.tokyo/en/,https://www.linkedin.com/company/we-at,https://exhibitors.gitexasia.com/gitex-asia-2026/Exhibitor/ExbDetails/well-being-economy-accelerator-tokyo
Xaltius Pte. Ltd,https://WWW.XALTIUSACADEMY.COM,,https://exhibitors.gitexasia.com/gitex-asia-2026/Exhibitor/ExbDetails/xaltius-pte-ltd
XPROGUARD,https://xproguard.com/,https://www.linkedin.com/company/xproguard,https://exhibitors.gitexasia.com/gitex-asia-2026/Exhibitor/ExbDetails/xproguard
XStar Technology Pte Ltd,https://www.xstar.sg/,https://www.linkedin.com/company/108548261,https://exhibitors.gitexasia.com/gitex-asia-2026/Exhibitor/ExbDetails/xstar-technology-pte-ltd
YAGHMA,https://www.yaghma.nl/surikas,https://www.linkedin.com/company/yaghma,https://exhibitors.gitexasia.com/gitex-asia-2026/Exhibitor/ExbDetails/yaghma
Yash Technologies Singapore Pte Limited,https://www.yash.com/,https://www.linkedin.com/company/yash-technologies,https://exhibitors.gitexasia.com/gitex-asia-2026/Exhibitor/ExbDetails/yash-technologies-singapore-pte-limited
Zeroe,https://zeroe.io,https://www.linkedin.com/company/zeroe-io,https://exhibitors.gitexasia.com/gitex-asia-2026/Exhibitor/ExbDetails/zeroe
"Zyforte, Inc",https://www.zyforte.com,,https://exhibitors.gitexasia.com/gitex-asia-2026/Exhibitor/ExbDetails/zyforte-inc
